Resource,Zone,AnnualSum,Capacity,CapacityFactor
natural_gas_combined_cycle,1,1.5418056050173575e7,15242.663265224119,0.11546880160618997
solar_pv,1,5.075859095339454e7,29784.26112424025,0.19454434923552194
onshore_wind,1,5.681357336699717e7,26075.54027209675,0.24872227644306322
battery,1,2.58558235014466e7,9465.09969554531,0.0
