Costs,Total,Zone1
cTotal,9.521730164458797e9,9.521730164458704e9
cFix,9.07920608047787e9,9.07920608047787e9
cVar,3.775895638091643e8,3.775895638091662e8
cNSE,0.0,0.0
cStart,6.493452017166717e7,6.493452017166717e7
cUnmetRsv,0.0,-
cNetworkExp,0.0,-
cUnmetPolicyPenalty,0.0,-
