region,Resource,zone,Cluster,R_ID,Inv_cost_MW,Inv_cost_MWh,Fixed_OM_cost_MW,Fixed_OM_cost_MWh,Var_OM_cost_out,Fuel_cost,Var_OM_cost_in,StartCost,Charge_cost,EnergyRevenue,SubsidyRevenue,ReserveMarginRevenue,ESRRevenue,EmissionsCost,RegSubsidyRevenue,Revenue,Cost,Profit
NE,natural_gas_combined_cycle,1,1,1,9.968701775456575e8,0.0,1.5680127700936052e8,0.0,5.473409897811618e7,3.0871353462459475e8,0.0,6.493452017166719e7,0.0,3.2211341492328076e9,0.0,1.1536714545550163e9,0.0,2.792751995458415e9,0.0,4.374805603787824e9,4.374805603787811e9,1.239776611328125e-5
NE,solar_pv,1,1,2,2.540597473897693e9,0.0,5.58752738690747e8,0.0,0.0,0.0,0.0,0.0,0.0,3.069743910809868e9,0.0,2.9606301778576914e7,0.0,0.0,0.0,3.0993502125884447e9,3.09935021258844e9,4.76837158203125e-6
NE,onshore_wind,1,1,3,2.534542514447804e9,0.0,1.12659371745594e9,0.0,5.681357336699717e6,0.0,0.0,0.0,0.0,3.6577077086821017e9,0.0,9.109880558350302e6,0.0,0.0,0.0,3.666817589240452e9,3.666817589240443e9,8.58306884765625e-6
NE,battery,1,0,4,1.8536451243755934e8,7.467214405530986e8,4.633166300969429e7,1.866305654303156e8,3.87837352521699e6,0.0,4.582199344538033e6,0.0,5.338037946866569e8,1.3234673467045934e9,0.0,2.772995514471715e8,0.0,0.0,0.0,1.6007668981517649e9,1.7073125489870799e9,-1.0654565083531499e8
