Status,Solve,Objval
OPTIMAL,0.7228491306304932,8460.445774501137
