Status,Solve,Objval
OPTIMAL,4.560793876647949,9521.730164458793
