Status,Solve,Objval
OPTIMAL,2.500175952911377,9157.281873124242
