Status,Solve,Objval
OPTIMAL,57.92728090286255,10151.037886103195
