Resource,Zone,AnnualSum,Capacity,CapacityFactor
natural_gas_combined_cycle,1,1.5365728133255523e7,15202.816397165572,0.11537852646511351
solar_pv,1,5.031698711224335e7,30168.195596154495,0.1903974761160943
onshore_wind,1,5.703507814217959e7,28851.984614895293,0.225663979656961
battery,1,2.343405219473527e7,8524.141616608154,0.0
