Costs,Total,Zone1
cTotal,9.188391516424585e9,9.188391516424501e9
cFix,8.730680188674911e9,8.730680188674911e9
cVar,3.800099359645467e8,3.800099359645456e8
cNSE,0.0,0.0
cStart,7.77013917850442e7,7.77013917850442e7
cUnmetRsv,0.0,-
cNetworkExp,0.0,-
cUnmetPolicyPenalty,0.0,-
