region,Resource,zone,Cluster,R_ID,Inv_cost_MW,Inv_cost_MWh,Fixed_OM_cost_MW,Fixed_OM_cost_MWh,Var_OM_cost_out,Fuel_cost,Var_OM_cost_in,StartCost,Charge_cost,EnergyRevenue,SubsidyRevenue,ReserveMarginRevenue,ESRRevenue,EmissionsCost,RegSubsidyRevenue,Revenue,Cost,Profit
NE,natural_gas_combined_cycle,1,1,1,9.942641923746285e8,0.0,1.5639137227764225e8,0.0,5.4548334873057105e7,3.3367579762643605e8,0.0,7.142500551315795e7,0.0,3.401286880960357e9,0.0,1.1506555646522722e9,0.0,2.941637742947709e9,0.0,4.551942445612629e9,4.551942445612631e9,-1.9073486328125e-6
NE,solar_pv,1,1,2,2.5733470843519783e9,0.0,5.659553493838583e8,0.0,0.0,0.0,0.0,0.0,0.0,3.051572671706186e9,0.0,8.772976202965884e7,0.0,0.0,0.0,3.1393024337358446e9,3.1393024337358365e9,8.106231689453125e-6
NE,onshore_wind,1,1,3,2.8044129045678225e9,0.0,1.246549995286551e9,0.0,5.70350781421796e6,0.0,0.0,0.0,0.0,4.047011180300523e9,0.0,9.655227368070124e6,0.0,0.0,0.0,4.056666407668593e9,4.0566664076685915e9,1.430511474609375e-6
NE,battery,1,0,4,1.669367894196541e8,7.512252654269867e8,4.172567321329691e7,1.8775622131370676e8,3.51510782921029e6,0.0,4.1530101951917456e6,0.0,5.640194435266054e8,1.4529548888528137e9,0.0,1.644366276458352e8,0.0,0.0,0.0,1.617391516498649e9,1.7193315109246519e9,-1.0193999442600298e8
