Region,Resource,Zone,Cluster,CapRes_1,AnnualSum
NE,natural_gas_combined_cycle,1,1,1.1342434475751345e9,1.1342434475751345e9
NE,solar_pv,1,1,1.5318015699875502e7,1.5318015699875502e7
NE,onshore_wind,1,1,8.776183887221301e6,8.776183887221301e6
NE,battery,1,0,3.278909095449035e8,3.278909095449035e8
