Region,Resource,Zone,Cluster,CapRes_1,AnnualSum
NE,natural_gas_combined_cycle,1,1,1.1506555646522722e9,1.1506555646522722e9
NE,solar_pv,1,1,8.772976202965884e7,8.772976202965884e7
NE,onshore_wind,1,1,9.655227368070124e6,9.655227368070124e6
NE,battery,1,0,1.644366276458352e8,1.644366276458352e8
