Status,Solve,Objval
OPTIMAL,4.595470905303955,9961.585611467412
