Status,Solve,Objval
OPTIMAL,2.482928991317749,9188.391516424575
