Costs,Total,Zone1
cTotal,9.760900340596384e9,9.760900340596428e9
cFix,9.328151407410625e9,9.328151407410625e9
cVar,3.628632608385999e8,3.6286326083859885e8
cNSE,0.0,0.0
cStart,6.988567234720345e7,6.988567234720345e7
cUnmetRsv,0.0,-
cNetworkExp,0.0,-
cUnmetPolicyPenalty,0.0,-
