Status,Solve,Objval
OPTIMAL,4.571810007095337,9760.900340596318
