Status,Solve,Objval
OPTIMAL,0.7290909290313721,8460.445774501137
