Resource,Zone,AnnualSum,Capacity,CapacityFactor
natural_gas_combined_cycle,1,1.5449667206437476e7,14507.074070665312,0.1215724570932307
solar_pv,1,5.33589363683302e7,34967.61201734352,0.1741955607020488
onshore_wind,1,5.4227298111189544e7,27231.431017048297,0.2273230088692441
battery,1,3.1581810738243863e7,11341.39771584262,0.0
