Costs,Total,Zone1
cTotal,1.0592942276756466e10,1.0592942276756186e10
cFix,1.0152323172543032e10,1.0152323172543032e10
cVar,3.848500292007043e8,3.848500292007047e8
cNSE,0.0,0.0
cStart,5.57690750124491e7,5.57690750124491e7
cUnmetRsv,0.0,-
cNetworkExp,0.0,-
cUnmetPolicyPenalty,0.0,-
