Region,Resource,Zone,Cluster,CapRes_1,AnnualSum
NE,natural_gas_combined_cycle,1,1,1.097996915186448e9,1.097996915186448e9
NE,solar_pv,1,1,1.388709925053177e8,1.388709925053177e8
NE,onshore_wind,1,1,9.695331169922134e6,9.695331169922134e6
NE,battery,1,0,1.1755105134206262e8,1.1755105134206262e8
