Status,Solve,Objval
OPTIMAL,155.04475617408752,10592.942276756738
