Status,Solve,Objval
OPTIMAL,154.886470079422,10592.942276756738
