Status,Solve,Objval
OPTIMAL,4.625635862350464,10626.972684749384
