Status,Solve,Objval
OPTIMAL,5.799747943878174,10248.63311778886
