Resource,Zone,AnnualSum,Capacity,CapacityFactor
natural_gas_combined_cycle,1,1.5329597215093605e7,14985.974441781724,0.1167727882351733
solar_pv,1,5.462562068286058e7,33299.04677719524,0.18726666530544223
onshore_wind,1,5.24474418549984e7,24906.000662624523,0.24038989550314058
battery,1,2.668677935051838e7,9952.609848330567,0.0
