region,Resource,zone,Cluster,R_ID,Inv_cost_MW,Inv_cost_MWh,Fixed_OM_cost_MW,Fixed_OM_cost_MWh,Var_OM_cost_out,Fuel_cost,Var_OM_cost_in,StartCost,Charge_cost,EnergyRevenue,SubsidyRevenue,ReserveMarginRevenue,ESRRevenue,EmissionsCost,RegSubsidyRevenue,Revenue,Cost,Profit
NE,natural_gas_combined_cycle,1,1,1,9.800827284925249e8,0.0,1.541607190826086e8,0.0,5.442007011358229e7,2.944659673229292e8,0.0,6.988567234720343e7,0.0,3.100324434458473e9,0.0,1.1342434475751345e9,0.0,2.6815527246747417e9,0.0,4.2345678820336075e9,4.2345678820335903e9,1.71661376953125e-5
NE,solar_pv,1,1,2,2.8404086900947537e9,0.0,6.246901175401828e8,0.0,0.0,0.0,0.0,0.0,0.0,3.4497807919350576e9,0.0,1.5318015699875502e7,0.0,0.0,0.0,3.465098807634933e9,3.4650988076349363e9,-3.337860107421875e-6
NE,onshore_wind,1,1,3,2.420863264407104e9,0.0,1.0760637586286924e9,0.0,5.24474418549984e6,0.0,0.0,0.0,0.0,3.493395583334074e9,0.0,8.776183887221301e6,0.0,0.0,0.0,3.5021717672212954e9,3.502171767221296e9,-4.76837158203125e-7
NE,battery,1,0,4,1.9491191126970583e8,7.906439330741249e8,4.8718025207578115e7,1.9760825961335158e8,4.003016902577756e6,0.0,4.729462314009642e6,0.0,7.155050375770352e8,1.522130732972256e9,0.0,3.278909095449035e8,0.0,0.0,0.0,1.8500216425171595e9,1.956119645958383e9,-1.0609800344122362e8
