Status,Solve,Objval
OPTIMAL,4.491354942321777,9760.900340596318
