Status,Solve,Objval
OPTIMAL,113.02661204338074,10388.923991983324
