Status,Solve,Objval
OPTIMAL,110.90364289283752,10436.107266905054
