Status,Solve,Objval
OPTIMAL,24.21651601791382,10024.720164969245
