region,Resource,zone,Cluster,R_ID,Inv_cost_MW,Inv_cost_MWh,Fixed_OM_cost_MW,Fixed_OM_cost_MWh,Var_OM_cost_out,Fuel_cost,Var_OM_cost_in,StartCost,Charge_cost,EnergyRevenue,SubsidyRevenue,ReserveMarginRevenue,ESRRevenue,EmissionsCost,RegSubsidyRevenue,Revenue,Cost,Profit
NE,natural_gas_combined_cycle,1,1,1,9.487626442215102e8,0.0,1.4923427096493387e8,0.0,5.484631858285327e7,3.142467436823646e8,0.0,5.576907501244912e7,0.0,4.198420689036333e9,0.0,1.0979969151864467e9,0.0,3.773558551758671e9,0.0,5.29641760422278e9,5.296417604222782e9,-1.9073486328125e-6
NE,solar_pv,1,1,2,2.9827373050794144e9,0.0,6.559924014453672e8,0.0,0.0,0.0,0.0,0.0,0.0,3.4998587140194755e9,0.0,1.3887099250531822e8,0.0,0.0,0.0,3.6387297065247936e9,3.6387297065247817e9,1.1920928955078125e-5
NE,onshore_wind,1,1,3,2.646895094857104e9,0.0,1.1765339770915756e9,0.0,5.422729811118948e6,0.0,0.0,0.0,0.0,3.8191564705898724e9,0.0,9.695331169922166e6,0.0,0.0,0.0,3.8288518017597947e9,3.8288518017597985e9,-3.814697265625e-6
NE,battery,1,0,4,2.2210993286706302e8,1.0516892284111408e9,5.551614181904991e7,2.6285217578587332e8,4.737271610736612e6,0.0,5.596965513630067e6,0.0,8.598223580770631e8,2.168992065872482e9,0.0,1.175510513420636e8,0.0,0.0,0.0,2.2865431172145452e9,2.4623240740845566e9,-1.7578095687001133e8
