Status,Solve,Objval
OPTIMAL,152.381010055542,10592.94227675672
