Status,Solve,Objval
OPTIMAL,4.6057069301605225,10626.972684749384
